[{"id":1,"nombre":"Notebook","modelo":"DDD","imagen":"imagenes\/1\/Notebook.jpg"},{"id":2,"nombre":"Tablet","modelo":"FX34","imagen":"imagenes\/2\/Tablet.jpg"},{"id":3,"nombre":"Impresora Epson","modelo":"FFG","imagen":"imagenes\/3\/Impresora Epson.png"},{"id":4,"nombre":"Celular","modelo":"A5","imagen":"imagenes\/4\/Celular.jpg"},{"id":5,"nombre":"Tablet Samsung","modelo":"ERY","imagen":"imagenes\/5\/Tablet Samsung.jpg"},{"id":6,"nombre":"Notebook","modelo":"EXO","imagen":"imagenes\/6\/Notebook.jpg"},{"id":7,"nombre":"Impresora Epson","modelo":"EWW","imagen":"imagenes\/7\/Impresora Epson.jpg"}]