[{"id":"1","imagen":"imagenesrepuestos\/Bateria Notebook\/Bateria Notebook.jpg","descripcion":"Bateria Notebook","precio":"700","cantidad":"1"},{"id":"1","imagen":"imagenesrepuestos\/Pantalla de notebook\/Pantalla de notebook.jpg","descripcion":"Pantalla de notebook","precio":"1100","cantidad":"3"},{"id":"3","imagen":"imagenesrepuestos\/Cartuchos Epson\/Cartuchos Epson.jpg","descripcion":"Cartuchos Epson","precio":"300","cantidad":3},{"id":"2","imagen":"imagenesrepuestos\/Pantalla Tablet\/Pantalla Tablet.jpg","descripcion":"Pantalla Tablet","precio":"500","cantidad":"1"},{"id":"1","imagen":"imagenesrepuestos\/PP1\/PP1.jpg","descripcion":"PP1","precio":"500","cantidad":"4"}]